Dataset,#TrainingRelease,Classifier,Feature Selection,Balancing,Sensitivity,Accuracy,Precision,Recall,AUC,Kappa,NPofB20
BOOKKEEPER,1,RANDOM_FOREST,NO_SELECTION,NO_SAMPLING,NO_COST_SENSITIVE,79.945,0.935,0.773,0.870,0.565,0.665
BOOKKEEPER,1,NAIVE_BAYES,NO_SELECTION,NO_SAMPLING,NO_COST_SENSITIVE,74.451,0.813,0.835,0.789,0.361,0.653
BOOKKEEPER,1,IBK,NO_SELECTION,NO_SAMPLING,NO_COST_SENSITIVE,78.297,0.959,0.727,0.825,0.550,0.619
BOOKKEEPER,2,RANDOM_FOREST,NO_SELECTION,NO_SAMPLING,NO_COST_SENSITIVE,79.924,0.959,0.815,0.854,0.261,0.611
BOOKKEEPER,2,NAIVE_BAYES,NO_SELECTION,NO_SAMPLING,NO_COST_SENSITIVE,80.114,0.941,0.834,0.800,0.189,0.617
BOOKKEEPER,2,IBK,NO_SELECTION,NO_SAMPLING,NO_COST_SENSITIVE,71.023,0.980,0.697,0.774,0.230,0.586
BOOKKEEPER,3,RANDOM_FOREST,NO_SELECTION,NO_SAMPLING,NO_COST_SENSITIVE,93.088,0.926,1.000,0.852,0.628,0.643
BOOKKEEPER,3,NAIVE_BAYES,NO_SELECTION,NO_SAMPLING,NO_COST_SENSITIVE,86.029,0.895,0.949,0.783,0.297,0.631
BOOKKEEPER,3,IBK,NO_SELECTION,NO_SAMPLING,NO_COST_SENSITIVE,92.206,0.925,0.990,0.759,0.595,0.637
BOOKKEEPER,4,RANDOM_FOREST,NO_SELECTION,NO_SAMPLING,NO_COST_SENSITIVE,91.089,0.915,0.981,0.856,0.669,0.670
BOOKKEEPER,4,NAIVE_BAYES,NO_SELECTION,NO_SAMPLING,NO_COST_SENSITIVE,82.744,0.867,0.930,0.837,0.357,0.654
BOOKKEEPER,4,IBK,NO_SELECTION,NO_SAMPLING,NO_COST_SENSITIVE,90.382,0.916,0.970,0.793,0.651,0.670
BOOKKEEPER,5,RANDOM_FOREST,NO_SELECTION,NO_SAMPLING,NO_COST_SENSITIVE,96.779,0.964,0.997,0.985,0.896,0.689
BOOKKEEPER,5,NAIVE_BAYES,NO_SELECTION,NO_SAMPLING,NO_COST_SENSITIVE,82.953,0.877,0.914,0.884,0.441,0.665
BOOKKEEPER,5,IBK,NO_SELECTION,NO_SAMPLING,NO_COST_SENSITIVE,95.436,0.967,0.976,0.928,0.857,0.691
BOOKKEEPER,1,RANDOM_FOREST,NO_SELECTION,NO_SAMPLING,SENSITIVE_THRESHOLD,35.440,1.000,0.096,0.548,0.057,0.665
BOOKKEEPER,1,NAIVE_BAYES,NO_SELECTION,NO_SAMPLING,SENSITIVE_THRESHOLD,73.626,0.815,0.815,0.677,0.354,0.653
BOOKKEEPER,1,IBK,NO_SELECTION,NO_SAMPLING,SENSITIVE_THRESHOLD,78.297,0.959,0.727,0.825,0.550,0.619
BOOKKEEPER,2,RANDOM_FOREST,NO_SELECTION,NO_SAMPLING,SENSITIVE_THRESHOLD,39.015,1.000,0.332,0.666,0.080,0.611
BOOKKEEPER,2,NAIVE_BAYES,NO_SELECTION,NO_SAMPLING,SENSITIVE_THRESHOLD,79.545,0.950,0.820,0.681,0.220,0.617
BOOKKEEPER,2,IBK,NO_SELECTION,NO_SAMPLING,SENSITIVE_THRESHOLD,71.023,0.980,0.697,0.772,0.230,0.586
BOOKKEEPER,3,RANDOM_FOREST,NO_SELECTION,NO_SAMPLING,SENSITIVE_THRESHOLD,59.118,0.970,0.543,0.718,0.201,0.643
BOOKKEEPER,3,NAIVE_BAYES,NO_SELECTION,NO_SAMPLING,SENSITIVE_THRESHOLD,83.529,0.909,0.899,0.665,0.321,0.631
BOOKKEEPER,3,IBK,NO_SELECTION,NO_SAMPLING,SENSITIVE_THRESHOLD,91.765,0.925,0.985,0.740,0.579,0.637
BOOKKEEPER,4,RANDOM_FOREST,NO_SELECTION,NO_SAMPLING,SENSITIVE_THRESHOLD,84.724,0.930,0.878,0.796,0.542,0.670
BOOKKEEPER,4,NAIVE_BAYES,NO_SELECTION,NO_SAMPLING,SENSITIVE_THRESHOLD,81.754,0.898,0.875,0.723,0.427,0.654
BOOKKEEPER,4,IBK,NO_SELECTION,NO_SAMPLING,SENSITIVE_THRESHOLD,90.382,0.916,0.970,0.793,0.651,0.670
BOOKKEEPER,5,RANDOM_FOREST,NO_SELECTION,NO_SAMPLING,SENSITIVE_THRESHOLD,91.275,0.982,0.907,0.921,0.758,0.689
BOOKKEEPER,5,NAIVE_BAYES,NO_SELECTION,NO_SAMPLING,SENSITIVE_THRESHOLD,82.953,0.936,0.843,0.810,0.541,0.665
BOOKKEEPER,5,IBK,NO_SELECTION,NO_SAMPLING,SENSITIVE_THRESHOLD,95.436,0.967,0.976,0.922,0.857,0.691
BOOKKEEPER,1,NAIVE_BAYES,NO_SELECTION,NO_SAMPLING,SENSITIVE_LEARNING,73.352,0.815,0.812,0.785,0.349,0.634
BOOKKEEPER,1,IBK,NO_SELECTION,NO_SAMPLING,SENSITIVE_LEARNING,78.297,0.959,0.727,0.825,0.550,0.619
BOOKKEEPER,2,RANDOM_FOREST,NO_SELECTION,NO_SAMPLING,SENSITIVE_LEARNING,34.470,1.000,0.282,0.861,0.064,0.598
BOOKKEEPER,2,NAIVE_BAYES,NO_SELECTION,NO_SAMPLING,SENSITIVE_LEARNING,79.545,0.947,0.822,0.794,0.211,0.617
BOOKKEEPER,2,IBK,NO_SELECTION,NO_SAMPLING,SENSITIVE_LEARNING,71.023,0.980,0.697,0.774,0.230,0.584
BOOKKEEPER,3,RANDOM_FOREST,NO_SELECTION,NO_SAMPLING,SENSITIVE_LEARNING,56.618,0.962,0.518,0.843,0.175,0.620
BOOKKEEPER,3,NAIVE_BAYES,NO_SELECTION,NO_SAMPLING,SENSITIVE_LEARNING,84.412,0.910,0.910,0.803,0.340,0.631
BOOKKEEPER,3,IBK,NO_SELECTION,NO_SAMPLING,SENSITIVE_LEARNING,91.765,0.925,0.985,0.759,0.579,0.635
BOOKKEEPER,4,RANDOM_FOREST,NO_SELECTION,NO_SAMPLING,SENSITIVE_LEARNING,88.260,0.928,0.927,0.871,0.617,0.663
BOOKKEEPER,4,NAIVE_BAYES,NO_SELECTION,NO_SAMPLING,SENSITIVE_LEARNING,82.885,0.901,0.887,0.841,0.454,0.659
BOOKKEEPER,4,IBK,NO_SELECTION,NO_SAMPLING,SENSITIVE_LEARNING,90.382,0.916,0.970,0.793,0.651,0.670
BOOKKEEPER,5,RANDOM_FOREST,NO_SELECTION,NO_SAMPLING,SENSITIVE_LEARNING,91.946,0.978,0.919,0.983,0.772,0.689
BOOKKEEPER,5,NAIVE_BAYES,NO_SELECTION,NO_SAMPLING,SENSITIVE_LEARNING,83.624,0.934,0.855,0.891,0.551,0.667
BOOKKEEPER,5,IBK,NO_SELECTION,NO_SAMPLING,SENSITIVE_LEARNING,95.436,0.967,0.976,0.928,0.857,0.686
BOOKKEEPER,1,RANDOM_FOREST,NO_SELECTION,OVERSAMPLING,NO_COST_SENSITIVE,76.374,0.953,0.704,0.852,0.516,0.653
BOOKKEEPER,1,NAIVE_BAYES,NO_SELECTION,OVERSAMPLING,NO_COST_SENSITIVE,73.352,0.825,0.796,0.796,0.364,0.634
BOOKKEEPER,1,IBK,NO_SELECTION,OVERSAMPLING,NO_COST_SENSITIVE,70.055,0.899,0.654,0.719,0.391,0.580
BOOKKEEPER,2,RANDOM_FOREST,NO_SELECTION,OVERSAMPLING,NO_COST_SENSITIVE,61.174,0.996,0.577,0.825,0.185,0.602
BOOKKEEPER,2,NAIVE_BAYES,NO_SELECTION,OVERSAMPLING,NO_COST_SENSITIVE,80.871,0.936,0.849,0.787,0.166,0.619
BOOKKEEPER,2,IBK,NO_SELECTION,OVERSAMPLING,NO_COST_SENSITIVE,64.773,0.977,0.629,0.730,0.177,0.559
BOOKKEEPER,3,RANDOM_FOREST,NO_SELECTION,OVERSAMPLING,NO_COST_SENSITIVE,81.324,0.960,0.818,0.845,0.432,0.628
BOOKKEEPER,3,NAIVE_BAYES,NO_SELECTION,OVERSAMPLING,NO_COST_SENSITIVE,84.118,0.903,0.915,0.788,0.302,0.629
BOOKKEEPER,3,IBK,NO_SELECTION,OVERSAMPLING,NO_COST_SENSITIVE,81.029,0.932,0.842,0.734,0.361,0.610
BOOKKEEPER,4,RANDOM_FOREST,NO_SELECTION,OVERSAMPLING,NO_COST_SENSITIVE,82.461,0.925,0.854,0.846,0.491,0.658
BOOKKEEPER,4,NAIVE_BAYES,NO_SELECTION,OVERSAMPLING,NO_COST_SENSITIVE,82.037,0.856,0.936,0.824,0.306,0.654
BOOKKEEPER,4,IBK,NO_SELECTION,OVERSAMPLING,NO_COST_SENSITIVE,84.300,0.923,0.880,0.768,0.523,0.650
BOOKKEEPER,5,RANDOM_FOREST,NO_SELECTION,OVERSAMPLING,NO_COST_SENSITIVE,89.262,0.961,0.902,0.940,0.696,0.679
BOOKKEEPER,5,NAIVE_BAYES,NO_SELECTION,OVERSAMPLING,NO_COST_SENSITIVE,79.597,0.942,0.793,0.870,0.489,0.658
BOOKKEEPER,5,IBK,NO_SELECTION,OVERSAMPLING,NO_COST_SENSITIVE,90.604,0.968,0.912,0.891,0.733,0.674
BOOKKEEPER,1,RANDOM_FOREST,NO_SELECTION,OVERSAMPLING,SENSITIVE_THRESHOLD,35.714,1.000,0.100,0.550,0.060,0.653
BOOKKEEPER,1,NAIVE_BAYES,NO_SELECTION,OVERSAMPLING,SENSITIVE_THRESHOLD,70.604,0.843,0.723,0.693,0.349,0.634
BOOKKEEPER,1,IBK,NO_SELECTION,OVERSAMPLING,SENSITIVE_THRESHOLD,69.231,0.898,0.642,0.730,0.379,0.580
BOOKKEEPER,2,RANDOM_FOREST,NO_SELECTION,OVERSAMPLING,SENSITIVE_THRESHOLD,16.477,1.000,0.085,0.543,0.016,0.602
BOOKKEEPER,2,NAIVE_BAYES,NO_SELECTION,OVERSAMPLING,SENSITIVE_THRESHOLD,80.303,0.942,0.836,0.646,0.191,0.619
BOOKKEEPER,2,IBK,NO_SELECTION,OVERSAMPLING,SENSITIVE_THRESHOLD,64.773,0.977,0.629,0.738,0.177,0.559
BOOKKEEPER,3,RANDOM_FOREST,NO_SELECTION,OVERSAMPLING,SENSITIVE_THRESHOLD,26.324,0.989,0.148,0.569,0.042,0.628
BOOKKEEPER,3,NAIVE_BAYES,NO_SELECTION,OVERSAMPLING,SENSITIVE_THRESHOLD,83.676,0.909,0.901,0.666,0.324,0.629
BOOKKEEPER,3,IBK,NO_SELECTION,OVERSAMPLING,SENSITIVE_THRESHOLD,81.029,0.932,0.842,0.727,0.361,0.610
BOOKKEEPER,4,RANDOM_FOREST,NO_SELECTION,OVERSAMPLING,SENSITIVE_THRESHOLD,35.785,0.976,0.214,0.596,0.084,0.658
BOOKKEEPER,4,NAIVE_BAYES,NO_SELECTION,OVERSAMPLING,SENSITIVE_THRESHOLD,81.754,0.864,0.920,0.648,0.331,0.654
BOOKKEEPER,4,IBK,NO_SELECTION,OVERSAMPLING,SENSITIVE_THRESHOLD,84.300,0.923,0.880,0.782,0.523,0.650
BOOKKEEPER,5,RANDOM_FOREST,NO_SELECTION,OVERSAMPLING,SENSITIVE_THRESHOLD,45.772,0.995,0.320,0.657,0.158,0.679
BOOKKEEPER,5,NAIVE_BAYES,NO_SELECTION,OVERSAMPLING,SENSITIVE_THRESHOLD,40.537,0.993,0.255,0.624,0.119,0.658
BOOKKEEPER,5,IBK,NO_SELECTION,OVERSAMPLING,SENSITIVE_THRESHOLD,90.604,0.968,0.912,0.897,0.733,0.674
BOOKKEEPER,1,RANDOM_FOREST,NO_SELECTION,OVERSAMPLING,SENSITIVE_LEARNING,31.319,1.000,0.038,0.857,0.022,0.65
BOOKKEEPER,1,NAIVE_BAYES,NO_SELECTION,OVERSAMPLING,SENSITIVE_LEARNING,70.055,0.836,0.723,0.790,0.334,0.626
BOOKKEEPER,1,IBK,NO_SELECTION,OVERSAMPLING,SENSITIVE_LEARNING,69.231,0.898,0.642,0.719,0.379,0.569
BOOKKEEPER,2,RANDOM_FOREST,NO_SELECTION,OVERSAMPLING,SENSITIVE_LEARNING,12.689,1.000,0.044,0.835,0.008,0.580
BOOKKEEPER,2,NAIVE_BAYES,NO_SELECTION,OVERSAMPLING,SENSITIVE_LEARNING,80.114,0.939,0.836,0.785,0.178,0.617
BOOKKEEPER,2,IBK,NO_SELECTION,OVERSAMPLING,SENSITIVE_LEARNING,64.773,0.977,0.629,0.730,0.177,0.557
BOOKKEEPER,3,RANDOM_FOREST,NO_SELECTION,OVERSAMPLING,SENSITIVE_LEARNING,19.265,1.000,0.065,0.854,0.019,0.604
BOOKKEEPER,3,NAIVE_BAYES,NO_SELECTION,OVERSAMPLING,SENSITIVE_LEARNING,83.235,0.907,0.898,0.791,0.309,0.627
BOOKKEEPER,3,IBK,NO_SELECTION,OVERSAMPLING,SENSITIVE_LEARNING,81.029,0.932,0.842,0.734,0.361,0.609
BOOKKEEPER,4,RANDOM_FOREST,NO_SELECTION,OVERSAMPLING,SENSITIVE_LEARNING,30.127,0.976,0.143,0.875,0.053,0.642
BOOKKEEPER,4,NAIVE_BAYES,NO_SELECTION,OVERSAMPLING,SENSITIVE_LEARNING,82.037,0.865,0.923,0.826,0.337,0.652
BOOKKEEPER,4,IBK,NO_SELECTION,OVERSAMPLING,SENSITIVE_LEARNING,84.300,0.923,0.880,0.768,0.523,0.650
BOOKKEEPER,5,RANDOM_FOREST,NO_SELECTION,OVERSAMPLING,SENSITIVE_LEARNING,35.436,0.991,0.191,0.947,0.085,0.654
BOOKKEEPER,5,NAIVE_BAYES,NO_SELECTION,OVERSAMPLING,SENSITIVE_LEARNING,60.000,0.990,0.503,0.874,0.282,0.645
BOOKKEEPER,5,IBK,NO_SELECTION,OVERSAMPLING,SENSITIVE_LEARNING,90.604,0.968,0.912,0.891,0.733,0.674
BOOKKEEPER,1,RANDOM_FOREST,NO_SELECTION,UNDERSAMPLING,NO_COST_SENSITIVE,75.824,0.953,0.696,0.850,0.507,0.665
BOOKKEEPER,1,NAIVE_BAYES,NO_SELECTION,UNDERSAMPLING,NO_COST_SENSITIVE,74.176,0.807,0.838,0.786,0.349,0.65
BOOKKEEPER,1,IBK,NO_SELECTION,UNDERSAMPLING,NO_COST_SENSITIVE,73.901,0.961,0.662,0.800,0.482,0.596
BOOKKEEPER,2,RANDOM_FOREST,NO_SELECTION,UNDERSAMPLING,NO_COST_SENSITIVE,63.447,0.997,0.602,0.824,0.202,0.600
BOOKKEEPER,2,NAIVE_BAYES,NO_SELECTION,UNDERSAMPLING,NO_COST_SENSITIVE,80.114,0.941,0.834,0.796,0.189,0.617
BOOKKEEPER,2,IBK,NO_SELECTION,UNDERSAMPLING,NO_COST_SENSITIVE,62.311,0.983,0.598,0.747,0.171,0.546
BOOKKEEPER,3,RANDOM_FOREST,NO_SELECTION,UNDERSAMPLING,NO_COST_SENSITIVE,76.912,0.959,0.765,0.863,0.364,0.629
BOOKKEEPER,3,NAIVE_BAYES,NO_SELECTION,UNDERSAMPLING,NO_COST_SENSITIVE,83.824,0.897,0.918,0.775,0.269,0.627
BOOKKEEPER,3,IBK,NO_SELECTION,UNDERSAMPLING,NO_COST_SENSITIVE,77.059,0.948,0.777,0.775,0.343,0.588
BOOKKEEPER,4,RANDOM_FOREST,NO_SELECTION,UNDERSAMPLING,NO_COST_SENSITIVE,81.612,0.942,0.824,0.849,0.502,0.648
BOOKKEEPER,4,NAIVE_BAYES,NO_SELECTION,UNDERSAMPLING,NO_COST_SENSITIVE,80.339,0.902,0.850,0.828,0.412,0.657
BOOKKEEPER,4,IBK,NO_SELECTION,UNDERSAMPLING,NO_COST_SENSITIVE,83.168,0.930,0.857,0.792,0.512,0.641
BOOKKEEPER,5,RANDOM_FOREST,NO_SELECTION,UNDERSAMPLING,NO_COST_SENSITIVE,88.054,0.975,0.872,0.952,0.681,0.676
BOOKKEEPER,5,NAIVE_BAYES,NO_SELECTION,UNDERSAMPLING,NO_COST_SENSITIVE,82.013,0.861,0.922,0.869,0.383,0.657
BOOKKEEPER,5,IBK,NO_SELECTION,UNDERSAMPLING,NO_COST_SENSITIVE,87.517,0.975,0.865,0.892,0.670,0.663
BOOKKEEPER,1,RANDOM_FOREST,NO_SELECTION,UNDERSAMPLING,SENSITIVE_THRESHOLD,29.670,1.000,0.015,0.508,0.009,0.665
BOOKKEEPER,1,NAIVE_BAYES,NO_SELECTION,UNDERSAMPLING,SENSITIVE_THRESHOLD,72.802,0.811,0.808,0.668,0.336,0.65
BOOKKEEPER,1,IBK,NO_SELECTION,UNDERSAMPLING,SENSITIVE_THRESHOLD,73.901,0.961,0.662,0.797,0.482,0.596
BOOKKEEPER,2,RANDOM_FOREST,NO_SELECTION,UNDERSAMPLING,SENSITIVE_THRESHOLD,16.667,1.000,0.087,0.544,0.016,0.600
BOOKKEEPER,2,NAIVE_BAYES,NO_SELECTION,UNDERSAMPLING,SENSITIVE_THRESHOLD,79.356,0.949,0.817,0.680,0.218,0.617
BOOKKEEPER,2,IBK,NO_SELECTION,UNDERSAMPLING,SENSITIVE_THRESHOLD,62.311,0.983,0.598,0.744,0.171,0.546
BOOKKEEPER,3,RANDOM_FOREST,NO_SELECTION,UNDERSAMPLING,SENSITIVE_THRESHOLD,20.294,0.979,0.078,0.534,0.020,0.629
BOOKKEEPER,3,NAIVE_BAYES,NO_SELECTION,UNDERSAMPLING,SENSITIVE_THRESHOLD,83.235,0.904,0.901,0.650,0.296,0.627
BOOKKEEPER,3,IBK,NO_SELECTION,UNDERSAMPLING,SENSITIVE_THRESHOLD,76.912,0.948,0.775,0.753,0.341,0.588
BOOKKEEPER,4,RANDOM_FOREST,NO_SELECTION,UNDERSAMPLING,SENSITIVE_THRESHOLD,27.016,0.953,0.106,0.542,0.034,0.648
BOOKKEEPER,4,NAIVE_BAYES,NO_SELECTION,UNDERSAMPLING,SENSITIVE_THRESHOLD,47.808,0.960,0.373,0.653,0.152,0.657
BOOKKEEPER,4,IBK,NO_SELECTION,UNDERSAMPLING,SENSITIVE_THRESHOLD,83.168,0.930,0.857,0.789,0.512,0.641
BOOKKEEPER,5,RANDOM_FOREST,NO_SELECTION,UNDERSAMPLING,SENSITIVE_THRESHOLD,34.899,1.000,0.182,0.591,0.083,0.676
BOOKKEEPER,5,NAIVE_BAYES,NO_SELECTION,UNDERSAMPLING,SENSITIVE_THRESHOLD,81.611,0.869,0.906,0.686,0.397,0.657
BOOKKEEPER,5,IBK,NO_SELECTION,UNDERSAMPLING,SENSITIVE_THRESHOLD,87.383,0.975,0.863,0.889,0.667,0.663
BOOKKEEPER,1,NAIVE_BAYES,NO_SELECTION,UNDERSAMPLING,SENSITIVE_LEARNING,72.802,0.811,0.808,0.782,0.336,0.638
BOOKKEEPER,1,IBK,NO_SELECTION,UNDERSAMPLING,SENSITIVE_LEARNING,73.901,0.961,0.662,0.800,0.482,0.592
BOOKKEEPER,2,RANDOM_FOREST,NO_SELECTION,UNDERSAMPLING,SENSITIVE_LEARNING,10.038,1.000,0.015,0.833,0.003,0.574
BOOKKEEPER,2,NAIVE_BAYES,NO_SELECTION,UNDERSAMPLING,SENSITIVE_LEARNING,79.356,0.949,0.817,0.789,0.218,0.615
BOOKKEEPER,2,IBK,NO_SELECTION,UNDERSAMPLING,SENSITIVE_LEARNING,62.311,0.983,0.598,0.747,0.171,0.544
BOOKKEEPER,3,RANDOM_FOREST,NO_SELECTION,UNDERSAMPLING,SENSITIVE_LEARNING,17.059,1.000,0.039,0.861,0.011,0.609
BOOKKEEPER,3,NAIVE_BAYES,NO_SELECTION,UNDERSAMPLING,SENSITIVE_LEARNING,83.235,0.904,0.901,0.785,0.296,0.629
BOOKKEEPER,3,IBK,NO_SELECTION,UNDERSAMPLING,SENSITIVE_LEARNING,76.912,0.948,0.775,0.775,0.341,0.585
BOOKKEEPER,4,RANDOM_FOREST,NO_SELECTION,UNDERSAMPLING,SENSITIVE_LEARNING,22.914,0.939,0.054,0.881,0.015,0.639
BOOKKEEPER,4,NAIVE_BAYES,NO_SELECTION,UNDERSAMPLING,SENSITIVE_LEARNING,65.205,0.969,0.591,0.834,0.308,0.645
BOOKKEEPER,4,IBK,NO_SELECTION,UNDERSAMPLING,SENSITIVE_LEARNING,83.168,0.930,0.857,0.792,0.512,0.641
BOOKKEEPER,5,RANDOM_FOREST,NO_SELECTION,UNDERSAMPLING,SENSITIVE_LEARNING,26.711,1.000,0.079,0.960,0.034,0.661
BOOKKEEPER,5,NAIVE_BAYES,NO_SELECTION,UNDERSAMPLING,SENSITIVE_LEARNING,81.611,0.868,0.907,0.873,0.394,0.662
BOOKKEEPER,5,IBK,NO_SELECTION,UNDERSAMPLING,SENSITIVE_LEARNING,87.383,0.975,0.863,0.892,0.667,0.662
BOOKKEEPER,1,RANDOM_FOREST,NO_SELECTION,SMOTE,NO_COST_SENSITIVE,78.297,0.959,0.727,0.874,0.550,0.664
BOOKKEEPER,1,NAIVE_BAYES,NO_SELECTION,SMOTE,NO_COST_SENSITIVE,72.527,0.810,0.804,0.790,0.331,0.638
BOOKKEEPER,1,IBK,NO_SELECTION,SMOTE,NO_COST_SENSITIVE,78.297,0.959,0.727,0.825,0.550,0.619
BOOKKEEPER,2,RANDOM_FOREST,NO_SELECTION,SMOTE,NO_COST_SENSITIVE,74.053,0.997,0.718,0.859,0.299,0.604
BOOKKEEPER,2,NAIVE_BAYES,NO_SELECTION,SMOTE,NO_COST_SENSITIVE,80.114,0.948,0.828,0.805,0.218,0.617
BOOKKEEPER,2,IBK,NO_SELECTION,SMOTE,NO_COST_SENSITIVE,69.886,0.982,0.683,0.778,0.226,0.575
BOOKKEEPER,3,RANDOM_FOREST,NO_SELECTION,SMOTE,NO_COST_SENSITIVE,93.088,0.926,1.000,0.822,0.628,0.641
BOOKKEEPER,3,NAIVE_BAYES,NO_SELECTION,SMOTE,NO_COST_SENSITIVE,86.029,0.901,0.942,0.773,0.326,0.631
BOOKKEEPER,3,IBK,NO_SELECTION,SMOTE,NO_COST_SENSITIVE,91.912,0.925,0.986,0.757,0.584,0.637
BOOKKEEPER,4,RANDOM_FOREST,NO_SELECTION,SMOTE,NO_COST_SENSITIVE,91.231,0.916,0.983,0.858,0.673,0.670
BOOKKEEPER,4,NAIVE_BAYES,NO_SELECTION,SMOTE,NO_COST_SENSITIVE,83.310,0.875,0.927,0.844,0.394,0.656
BOOKKEEPER,4,IBK,NO_SELECTION,SMOTE,NO_COST_SENSITIVE,90.382,0.917,0.969,0.796,0.653,0.670
BOOKKEEPER,5,RANDOM_FOREST,NO_SELECTION,SMOTE,NO_COST_SENSITIVE,96.510,0.962,0.995,0.985,0.887,0.691
BOOKKEEPER,5,NAIVE_BAYES,NO_SELECTION,SMOTE,NO_COST_SENSITIVE,84.564,0.906,0.899,0.889,0.530,0.665
BOOKKEEPER,5,IBK,NO_SELECTION,SMOTE,NO_COST_SENSITIVE,95.436,0.967,0.976,0.928,0.857,0.691
BOOKKEEPER,1,RANDOM_FOREST,NO_SELECTION,SMOTE,SENSITIVE_THRESHOLD,29.396,1.000,0.012,0.506,0.007,0.664
BOOKKEEPER,1,NAIVE_BAYES,NO_SELECTION,SMOTE,SENSITIVE_THRESHOLD,71.154,0.822,0.762,0.674,0.330,0.638
BOOKKEEPER,1,IBK,NO_SELECTION,SMOTE,SENSITIVE_THRESHOLD,78.297,0.959,0.727,0.825,0.550,0.619
BOOKKEEPER,2,RANDOM_FOREST,NO_SELECTION,SMOTE,SENSITIVE_THRESHOLD,32.955,1.000,0.266,0.633,0.059,0.604
BOOKKEEPER,2,NAIVE_BAYES,NO_SELECTION,SMOTE,SENSITIVE_THRESHOLD,78.409,0.947,0.809,0.665,0.196,0.617
BOOKKEEPER,2,IBK,NO_SELECTION,SMOTE,SENSITIVE_THRESHOLD,69.886,0.982,0.683,0.776,0.226,0.575
BOOKKEEPER,3,RANDOM_FOREST,NO_SELECTION,SMOTE,SENSITIVE_THRESHOLD,50.735,0.967,0.445,0.674,0.143,0.641
BOOKKEEPER,3,NAIVE_BAYES,NO_SELECTION,SMOTE,SENSITIVE_THRESHOLD,82.941,0.931,0.867,0.729,0.388,0.631
BOOKKEEPER,3,IBK,NO_SELECTION,SMOTE,SENSITIVE_THRESHOLD,91.471,0.925,0.981,0.738,0.568,0.637
BOOKKEEPER,4,RANDOM_FOREST,NO_SELECTION,SMOTE,SENSITIVE_THRESHOLD,81.188,0.937,0.824,0.792,0.486,0.670
BOOKKEEPER,4,NAIVE_BAYES,NO_SELECTION,SMOTE,SENSITIVE_THRESHOLD,83.310,0.927,0.862,0.785,0.510,0.656
BOOKKEEPER,4,IBK,NO_SELECTION,SMOTE,SENSITIVE_THRESHOLD,90.382,0.917,0.969,0.796,0.653,0.670
BOOKKEEPER,5,RANDOM_FOREST,NO_SELECTION,SMOTE,SENSITIVE_THRESHOLD,90.738,0.991,0.892,0.930,0.751,0.691
BOOKKEEPER,5,NAIVE_BAYES,NO_SELECTION,SMOTE,SENSITIVE_THRESHOLD,82.282,0.949,0.821,0.825,0.544,0.665
BOOKKEEPER,5,IBK,NO_SELECTION,SMOTE,SENSITIVE_THRESHOLD,95.436,0.967,0.976,0.922,0.857,0.691
BOOKKEEPER,1,NAIVE_BAYES,NO_SELECTION,SMOTE,SENSITIVE_LEARNING,71.429,0.822,0.765,0.780,0.335,0.626
BOOKKEEPER,1,IBK,NO_SELECTION,SMOTE,SENSITIVE_LEARNING,78.297,0.959,0.727,0.825,0.550,0.619
BOOKKEEPER,2,RANDOM_FOREST,NO_SELECTION,SMOTE,SENSITIVE_LEARNING,18.182,1.000,0.104,0.854,0.020,0.584
BOOKKEEPER,2,NAIVE_BAYES,NO_SELECTION,SMOTE,SENSITIVE_LEARNING,78.409,0.947,0.809,0.801,0.196,0.617
BOOKKEEPER,2,IBK,NO_SELECTION,SMOTE,SENSITIVE_LEARNING,69.886,0.982,0.683,0.778,0.226,0.575
BOOKKEEPER,3,RANDOM_FOREST,NO_SELECTION,SMOTE,SENSITIVE_LEARNING,44.118,0.986,0.358,0.821,0.121,0.618
BOOKKEEPER,3,NAIVE_BAYES,NO_SELECTION,SMOTE,SENSITIVE_LEARNING,84.265,0.917,0.899,0.792,0.365,0.631
BOOKKEEPER,3,IBK,NO_SELECTION,SMOTE,SENSITIVE_LEARNING,91.471,0.925,0.981,0.757,0.568,0.633
BOOKKEEPER,4,RANDOM_FOREST,NO_SELECTION,SMOTE,SENSITIVE_LEARNING,79.349,0.957,0.780,0.882,0.482,0.662
BOOKKEEPER,4,NAIVE_BAYES,NO_SELECTION,SMOTE,SENSITIVE_LEARNING,83.310,0.916,0.875,0.848,0.492,0.663
BOOKKEEPER,4,IBK,NO_SELECTION,SMOTE,SENSITIVE_LEARNING,90.382,0.917,0.969,0.796,0.653,0.670
BOOKKEEPER,5,RANDOM_FOREST,NO_SELECTION,SMOTE,SENSITIVE_LEARNING,87.785,0.985,0.860,0.981,0.682,0.679
BOOKKEEPER,5,NAIVE_BAYES,NO_SELECTION,SMOTE,SENSITIVE_LEARNING,82.148,0.937,0.831,0.893,0.528,0.665
BOOKKEEPER,5,IBK,NO_SELECTION,SMOTE,SENSITIVE_LEARNING,95.436,0.967,0.976,0.928,0.857,0.686
BOOKKEEPER,1,RANDOM_FOREST,BEST_FIRST,NO_SAMPLING,NO_COST_SENSITIVE,77.198,0.867,0.804,0.858,0.470,0.773
BOOKKEEPER,1,NAIVE_BAYES,BEST_FIRST,NO_SAMPLING,NO_COST_SENSITIVE,73.626,0.828,0.796,0.828,0.372,0.738
BOOKKEEPER,1,IBK,BEST_FIRST,NO_SAMPLING,NO_COST_SENSITIVE,78.022,0.974,0.712,0.832,0.552,0.692
BOOKKEEPER,2,RANDOM_FOREST,BEST_FIRST,NO_SAMPLING,NO_COST_SENSITIVE,78.788,0.943,0.817,0.843,0.181,0.607
BOOKKEEPER,2,NAIVE_BAYES,BEST_FIRST,NO_SAMPLING,NO_COST_SENSITIVE,80.492,0.942,0.838,0.800,0.194,0.617
BOOKKEEPER,2,IBK,BEST_FIRST,NO_SAMPLING,NO_COST_SENSITIVE,68.561,0.988,0.664,0.796,0.226,0.565
BOOKKEEPER,3,RANDOM_FOREST,BEST_FIRST,NO_SAMPLING,NO_COST_SENSITIVE,93.088,0.926,1.000,0.847,0.628,0.734
BOOKKEEPER,3,NAIVE_BAYES,BEST_FIRST,NO_SAMPLING,NO_COST_SENSITIVE,87.794,0.887,0.985,0.720,0.268,0.729
BOOKKEEPER,3,IBK,BEST_FIRST,NO_SAMPLING,NO_COST_SENSITIVE,88.971,0.924,0.951,0.745,0.494,0.734
BOOKKEEPER,4,RANDOM_FOREST,BEST_FIRST,NO_SAMPLING,NO_COST_SENSITIVE,91.231,0.916,0.983,0.858,0.673,0.763
BOOKKEEPER,4,NAIVE_BAYES,BEST_FIRST,NO_SAMPLING,NO_COST_SENSITIVE,84.441,0.871,0.949,0.860,0.401,0.752
BOOKKEEPER,4,IBK,BEST_FIRST,NO_SAMPLING,NO_COST_SENSITIVE,90.099,0.917,0.965,0.795,0.645,0.757
BOOKKEEPER,5,RANDOM_FOREST,BEST_FIRST,NO_SAMPLING,NO_COST_SENSITIVE,92.886,0.921,0.997,0.981,0.751,0.787
BOOKKEEPER,5,NAIVE_BAYES,BEST_FIRST,NO_SAMPLING,NO_COST_SENSITIVE,84.698,0.883,0.931,0.914,0.489,0.775
BOOKKEEPER,5,IBK,BEST_FIRST,NO_SAMPLING,NO_COST_SENSITIVE,93.557,0.930,0.993,0.960,0.780,0.785
BOOKKEEPER,1,NAIVE_BAYES,BEST_FIRST,NO_SAMPLING,SENSITIVE_THRESHOLD,72.253,0.904,0.685,0.751,0.425,0.738
BOOKKEEPER,1,IBK,BEST_FIRST,NO_SAMPLING,SENSITIVE_THRESHOLD,78.022,0.974,0.712,0.832,0.552,0.692
BOOKKEEPER,2,RANDOM_FOREST,BEST_FIRST,NO_SAMPLING,SENSITIVE_THRESHOLD,39.583,1.000,0.338,0.669,0.082,0.607
BOOKKEEPER,2,NAIVE_BAYES,BEST_FIRST,NO_SAMPLING,SENSITIVE_THRESHOLD,77.273,0.955,0.788,0.699,0.217,0.617
BOOKKEEPER,2,IBK,BEST_FIRST,NO_SAMPLING,SENSITIVE_THRESHOLD,68.561,0.988,0.664,0.788,0.226,0.565
BOOKKEEPER,3,RANDOM_FOREST,BEST_FIRST,NO_SAMPLING,SENSITIVE_THRESHOLD,60.000,0.962,0.559,0.709,0.198,0.734
BOOKKEEPER,3,NAIVE_BAYES,BEST_FIRST,NO_SAMPLING,SENSITIVE_THRESHOLD,67.941,0.909,0.698,0.629,0.159,0.729
BOOKKEEPER,3,IBK,BEST_FIRST,NO_SAMPLING,SENSITIVE_THRESHOLD,87.500,0.923,0.934,0.719,0.453,0.734
BOOKKEEPER,4,RANDOM_FOREST,BEST_FIRST,NO_SAMPLING,SENSITIVE_THRESHOLD,85.290,0.932,0.883,0.803,0.557,0.763
BOOKKEEPER,4,NAIVE_BAYES,BEST_FIRST,NO_SAMPLING,SENSITIVE_THRESHOLD,86.846,0.923,0.915,0.792,0.575,0.752
BOOKKEEPER,4,IBK,BEST_FIRST,NO_SAMPLING,SENSITIVE_THRESHOLD,89.958,0.917,0.963,0.794,0.641,0.757
BOOKKEEPER,5,RANDOM_FOREST,BEST_FIRST,NO_SAMPLING,SENSITIVE_THRESHOLD,91.409,0.980,0.911,0.919,0.760,0.787
BOOKKEEPER,5,NAIVE_BAYES,BEST_FIRST,NO_SAMPLING,SENSITIVE_THRESHOLD,85.906,0.940,0.879,0.831,0.604,0.775
BOOKKEEPER,5,IBK,BEST_FIRST,NO_SAMPLING,SENSITIVE_THRESHOLD,95.973,0.967,0.983,0.926,0.873,0.785
BOOKKEEPER,1,NAIVE_BAYES,BEST_FIRST,NO_SAMPLING,SENSITIVE_LEARNING,71.429,0.902,0.673,0.826,0.412,0.723
BOOKKEEPER,1,IBK,BEST_FIRST,NO_SAMPLING,SENSITIVE_LEARNING,78.022,0.974,0.712,0.832,0.552,0.692
BOOKKEEPER,2,RANDOM_FOREST,BEST_FIRST,NO_SAMPLING,SENSITIVE_LEARNING,27.083,1.000,0.201,0.840,0.042,0.584
BOOKKEEPER,2,NAIVE_BAYES,BEST_FIRST,NO_SAMPLING,SENSITIVE_LEARNING,78.409,0.955,0.801,0.784,0.232,0.613
BOOKKEEPER,2,IBK,BEST_FIRST,NO_SAMPLING,SENSITIVE_LEARNING,68.561,0.988,0.664,0.796,0.226,0.561
BOOKKEEPER,3,RANDOM_FOREST,BEST_FIRST,NO_SAMPLING,SENSITIVE_LEARNING,51.471,0.967,0.453,0.808,0.148,0.710
BOOKKEEPER,3,NAIVE_BAYES,BEST_FIRST,NO_SAMPLING,SENSITIVE_LEARNING,68.382,0.910,0.704,0.768,0.164,0.717
BOOKKEEPER,3,IBK,BEST_FIRST,NO_SAMPLING,SENSITIVE_LEARNING,87.500,0.923,0.934,0.745,0.453,0.713
BOOKKEEPER,4,RANDOM_FOREST,BEST_FIRST,NO_SAMPLING,SENSITIVE_LEARNING,87.977,0.928,0.923,0.859,0.610,0.756
BOOKKEEPER,4,NAIVE_BAYES,BEST_FIRST,NO_SAMPLING,SENSITIVE_LEARNING,86.280,0.919,0.911,0.866,0.557,0.757
BOOKKEEPER,4,IBK,BEST_FIRST,NO_SAMPLING,SENSITIVE_LEARNING,89.958,0.917,0.963,0.795,0.641,0.757
BOOKKEEPER,5,RANDOM_FOREST,BEST_FIRST,NO_SAMPLING,SENSITIVE_LEARNING,92.081,0.978,0.921,0.969,0.775,0.792
BOOKKEEPER,5,NAIVE_BAYES,BEST_FIRST,NO_SAMPLING,SENSITIVE_LEARNING,86.174,0.936,0.887,0.917,0.604,0.770
BOOKKEEPER,5,IBK,BEST_FIRST,NO_SAMPLING,SENSITIVE_LEARNING,96.107,0.967,0.985,0.960,0.877,0.789
BOOKKEEPER,1,RANDOM_FOREST,BEST_FIRST,OVERSAMPLING,NO_COST_SENSITIVE,76.648,0.935,0.723,0.857,0.511,0.776
BOOKKEEPER,1,NAIVE_BAYES,BEST_FIRST,OVERSAMPLING,NO_COST_SENSITIVE,71.978,0.835,0.758,0.815,0.358,0.746
BOOKKEEPER,1,IBK,BEST_FIRST,OVERSAMPLING,NO_COST_SENSITIVE,71.429,0.948,0.635,0.755,0.439,0.630
BOOKKEEPER,2,RANDOM_FOREST,BEST_FIRST,OVERSAMPLING,NO_COST_SENSITIVE,60.227,0.996,0.566,0.805,0.179,0.596
BOOKKEEPER,2,NAIVE_BAYES,BEST_FIRST,OVERSAMPLING,NO_COST_SENSITIVE,80.871,0.940,0.844,0.781,0.188,0.616
BOOKKEEPER,2,IBK,BEST_FIRST,OVERSAMPLING,NO_COST_SENSITIVE,63.258,0.986,0.606,0.757,0.183,0.530
BOOKKEEPER,3,RANDOM_FOREST,BEST_FIRST,OVERSAMPLING,NO_COST_SENSITIVE,62.059,0.961,0.584,0.819,0.213,0.703
BOOKKEEPER,3,NAIVE_BAYES,BEST_FIRST,OVERSAMPLING,NO_COST_SENSITIVE,86.176,0.898,0.947,0.759,0.315,0.728
BOOKKEEPER,3,IBK,BEST_FIRST,OVERSAMPLING,NO_COST_SENSITIVE,75.441,0.930,0.773,0.735,0.282,0.663
BOOKKEEPER,4,RANDOM_FOREST,BEST_FIRST,OVERSAMPLING,NO_COST_SENSITIVE,83.027,0.927,0.859,0.829,0.504,0.747
BOOKKEEPER,4,NAIVE_BAYES,BEST_FIRST,OVERSAMPLING,NO_COST_SENSITIVE,83.310,0.867,0.939,0.848,0.366,0.748
BOOKKEEPER,4,IBK,BEST_FIRST,OVERSAMPLING,NO_COST_SENSITIVE,85.007,0.919,0.894,0.784,0.531,0.746
BOOKKEEPER,5,RANDOM_FOREST,BEST_FIRST,OVERSAMPLING,NO_COST_SENSITIVE,89.262,0.954,0.909,0.920,0.691,0.772
BOOKKEEPER,5,NAIVE_BAYES,BEST_FIRST,OVERSAMPLING,NO_COST_SENSITIVE,85.101,0.929,0.880,0.899,0.574,0.770
BOOKKEEPER,5,IBK,BEST_FIRST,OVERSAMPLING,NO_COST_SENSITIVE,85.638,0.958,0.857,0.889,0.617,0.758
BOOKKEEPER,1,RANDOM_FOREST,BEST_FIRST,OVERSAMPLING,SENSITIVE_THRESHOLD,35.714,1.000,0.100,0.550,0.060,0.776
BOOKKEEPER,1,NAIVE_BAYES,BEST_FIRST,OVERSAMPLING,SENSITIVE_THRESHOLD,65.110,0.993,0.515,0.753,0.372,0.746
BOOKKEEPER,1,IBK,BEST_FIRST,OVERSAMPLING,SENSITIVE_THRESHOLD,69.780,0.946,0.612,0.763,0.415,0.630
BOOKKEEPER,2,RANDOM_FOREST,BEST_FIRST,OVERSAMPLING,SENSITIVE_THRESHOLD,17.424,1.000,0.095,0.548,0.018,0.596
BOOKKEEPER,2,NAIVE_BAYES,BEST_FIRST,OVERSAMPLING,SENSITIVE_THRESHOLD,77.273,0.948,0.795,0.669,0.191,0.616
BOOKKEEPER,2,IBK,BEST_FIRST,OVERSAMPLING,SENSITIVE_THRESHOLD,63.258,0.986,0.606,0.759,0.183,0.530
BOOKKEEPER,3,RANDOM_FOREST,BEST_FIRST,OVERSAMPLING,SENSITIVE_THRESHOLD,24.412,1.000,0.124,0.562,0.037,0.703
BOOKKEEPER,3,NAIVE_BAYES,BEST_FIRST,OVERSAMPLING,SENSITIVE_THRESHOLD,85.588,0.922,0.910,0.713,0.411,0.728
BOOKKEEPER,3,IBK,BEST_FIRST,OVERSAMPLING,SENSITIVE_THRESHOLD,75.441,0.930,0.773,0.704,0.282,0.663
BOOKKEEPER,4,RANDOM_FOREST,BEST_FIRST,OVERSAMPLING,SENSITIVE_THRESHOLD,34.936,0.960,0.207,0.585,0.074,0.747
BOOKKEEPER,4,NAIVE_BAYES,BEST_FIRST,OVERSAMPLING,SENSITIVE_THRESHOLD,83.734,0.879,0.927,0.689,0.415,0.748
BOOKKEEPER,4,IBK,BEST_FIRST,OVERSAMPLING,SENSITIVE_THRESHOLD,85.007,0.919,0.894,0.778,0.531,0.746
BOOKKEEPER,5,RANDOM_FOREST,BEST_FIRST,OVERSAMPLING,SENSITIVE_THRESHOLD,43.893,0.983,0.300,0.640,0.140,0.772
BOOKKEEPER,5,NAIVE_BAYES,BEST_FIRST,OVERSAMPLING,SENSITIVE_THRESHOLD,53.826,0.988,0.425,0.703,0.222,0.770
BOOKKEEPER,5,IBK,BEST_FIRST,OVERSAMPLING,SENSITIVE_THRESHOLD,85.369,0.964,0.848,0.862,0.616,0.758
BOOKKEEPER,1,RANDOM_FOREST,BEST_FIRST,OVERSAMPLING,SENSITIVE_LEARNING,29.670,1.000,0.015,0.839,0.009,0.753
BOOKKEEPER,1,NAIVE_BAYES,BEST_FIRST,OVERSAMPLING,SENSITIVE_LEARNING,64.011,0.957,0.519,0.815,0.344,0.738
BOOKKEEPER,1,IBK,BEST_FIRST,OVERSAMPLING,SENSITIVE_LEARNING,69.780,0.946,0.612,0.755,0.415,0.630
BOOKKEEPER,2,RANDOM_FOREST,BEST_FIRST,OVERSAMPLING,SENSITIVE_LEARNING,10.227,1.000,0.017,0.811,0.003,0.577
BOOKKEEPER,2,NAIVE_BAYES,BEST_FIRST,OVERSAMPLING,SENSITIVE_LEARNING,77.273,0.948,0.795,0.773,0.191,0.612
BOOKKEEPER,2,IBK,BEST_FIRST,OVERSAMPLING,SENSITIVE_LEARNING,63.258,0.986,0.606,0.757,0.183,0.525
BOOKKEEPER,3,RANDOM_FOREST,BEST_FIRST,OVERSAMPLING,SENSITIVE_LEARNING,15.147,1.000,0.017,0.814,0.005,0.676
BOOKKEEPER,3,NAIVE_BAYES,BEST_FIRST,OVERSAMPLING,SENSITIVE_LEARNING,87.059,0.925,0.925,0.764,0.452,0.728
BOOKKEEPER,3,IBK,BEST_FIRST,OVERSAMPLING,SENSITIVE_LEARNING,75.441,0.930,0.773,0.735,0.282,0.651
BOOKKEEPER,4,RANDOM_FOREST,BEST_FIRST,OVERSAMPLING,SENSITIVE_LEARNING,29.137,0.987,0.129,0.864,0.050,0.733
BOOKKEEPER,4,NAIVE_BAYES,BEST_FIRST,OVERSAMPLING,SENSITIVE_LEARNING,83.876,0.878,0.930,0.850,0.415,0.750
BOOKKEEPER,4,IBK,BEST_FIRST,OVERSAMPLING,SENSITIVE_LEARNING,85.007,0.919,0.894,0.784,0.531,0.739
BOOKKEEPER,5,RANDOM_FOREST,BEST_FIRST,OVERSAMPLING,SENSITIVE_LEARNING,27.919,0.983,0.096,0.924,0.039,0.752
BOOKKEEPER,5,NAIVE_BAYES,BEST_FIRST,OVERSAMPLING,SENSITIVE_LEARNING,78.121,0.974,0.745,0.903,0.497,0.75
BOOKKEEPER,5,IBK,BEST_FIRST,OVERSAMPLING,SENSITIVE_LEARNING,85.369,0.964,0.848,0.889,0.616,0.730
BOOKKEEPER,1,RANDOM_FOREST,BEST_FIRST,UNDERSAMPLING,NO_COST_SENSITIVE,75.000,0.952,0.685,0.836,0.494,0.765
BOOKKEEPER,1,NAIVE_BAYES,BEST_FIRST,UNDERSAMPLING,NO_COST_SENSITIVE,75.000,0.831,0.815,0.827,0.396,0.75
BOOKKEEPER,1,IBK,BEST_FIRST,UNDERSAMPLING,NO_COST_SENSITIVE,73.901,0.977,0.650,0.809,0.489,0.65
BOOKKEEPER,2,RANDOM_FOREST,BEST_FIRST,UNDERSAMPLING,NO_COST_SENSITIVE,60.606,0.993,0.573,0.818,0.176,0.600
BOOKKEEPER,2,NAIVE_BAYES,BEST_FIRST,UNDERSAMPLING,NO_COST_SENSITIVE,80.682,0.946,0.836,0.794,0.217,0.617
BOOKKEEPER,2,IBK,BEST_FIRST,UNDERSAMPLING,NO_COST_SENSITIVE,58.523,0.989,0.552,0.740,0.157,0.509
BOOKKEEPER,3,RANDOM_FOREST,BEST_FIRST,UNDERSAMPLING,NO_COST_SENSITIVE,67.647,0.953,0.658,0.834,0.249,0.718
BOOKKEEPER,3,NAIVE_BAYES,BEST_FIRST,UNDERSAMPLING,NO_COST_SENSITIVE,85.735,0.893,0.949,0.720,0.274,0.727
BOOKKEEPER,3,IBK,BEST_FIRST,UNDERSAMPLING,NO_COST_SENSITIVE,72.500,0.955,0.716,0.762,0.301,0.662
BOOKKEEPER,4,RANDOM_FOREST,BEST_FIRST,UNDERSAMPLING,NO_COST_SENSITIVE,81.895,0.937,0.833,0.841,0.500,0.749
BOOKKEEPER,4,NAIVE_BAYES,BEST_FIRST,UNDERSAMPLING,NO_COST_SENSITIVE,84.300,0.901,0.906,0.864,0.482,0.753
BOOKKEEPER,4,IBK,BEST_FIRST,UNDERSAMPLING,NO_COST_SENSITIVE,82.320,0.934,0.841,0.802,0.503,0.729
BOOKKEEPER,5,RANDOM_FOREST,BEST_FIRST,UNDERSAMPLING,NO_COST_SENSITIVE,87.248,0.966,0.870,0.932,0.657,0.772
BOOKKEEPER,5,NAIVE_BAYES,BEST_FIRST,UNDERSAMPLING,NO_COST_SENSITIVE,84.161,0.880,0.927,0.892,0.471,0.773
BOOKKEEPER,5,IBK,BEST_FIRST,UNDERSAMPLING,NO_COST_SENSITIVE,82.685,0.979,0.799,0.878,0.579,0.728
BOOKKEEPER,1,RANDOM_FOREST,BEST_FIRST,UNDERSAMPLING,SENSITIVE_THRESHOLD,29.121,1.000,0.008,0.504,0.004,0.765
BOOKKEEPER,1,NAIVE_BAYES,BEST_FIRST,UNDERSAMPLING,SENSITIVE_THRESHOLD,67.857,0.928,0.596,0.740,0.379,0.75
BOOKKEEPER,1,IBK,BEST_FIRST,UNDERSAMPLING,SENSITIVE_THRESHOLD,73.626,0.977,0.646,0.804,0.485,0.65
BOOKKEEPER,2,RANDOM_FOREST,BEST_FIRST,UNDERSAMPLING,SENSITIVE_THRESHOLD,15.152,1.000,0.071,0.535,0.013,0.600
BOOKKEEPER,2,NAIVE_BAYES,BEST_FIRST,UNDERSAMPLING,SENSITIVE_THRESHOLD,74.432,0.960,0.751,0.712,0.209,0.617
BOOKKEEPER,2,IBK,BEST_FIRST,UNDERSAMPLING,SENSITIVE_THRESHOLD,58.523,0.989,0.552,0.743,0.157,0.509
BOOKKEEPER,3,RANDOM_FOREST,BEST_FIRST,UNDERSAMPLING,SENSITIVE_THRESHOLD,19.265,0.975,0.066,0.528,0.016,0.718
BOOKKEEPER,3,NAIVE_BAYES,BEST_FIRST,UNDERSAMPLING,SENSITIVE_THRESHOLD,66.618,0.905,0.685,0.617,0.142,0.727
BOOKKEEPER,3,IBK,BEST_FIRST,UNDERSAMPLING,SENSITIVE_THRESHOLD,72.500,0.955,0.716,0.750,0.301,0.662
BOOKKEEPER,4,RANDOM_FOREST,BEST_FIRST,UNDERSAMPLING,SENSITIVE_THRESHOLD,26.308,0.949,0.098,0.538,0.030,0.749
BOOKKEEPER,4,NAIVE_BAYES,BEST_FIRST,UNDERSAMPLING,SENSITIVE_THRESHOLD,55.870,0.965,0.474,0.699,0.216,0.753
BOOKKEEPER,4,IBK,BEST_FIRST,UNDERSAMPLING,SENSITIVE_THRESHOLD,82.178,0.934,0.840,0.792,0.500,0.729
BOOKKEEPER,5,RANDOM_FOREST,BEST_FIRST,UNDERSAMPLING,SENSITIVE_THRESHOLD,31.812,0.989,0.145,0.569,0.062,0.772
BOOKKEEPER,5,NAIVE_BAYES,BEST_FIRST,UNDERSAMPLING,SENSITIVE_THRESHOLD,84.161,0.928,0.868,0.803,0.554,0.773
BOOKKEEPER,5,IBK,BEST_FIRST,UNDERSAMPLING,SENSITIVE_THRESHOLD,80.268,0.979,0.769,0.852,0.537,0.728
BOOKKEEPER,1,NAIVE_BAYES,BEST_FIRST,UNDERSAMPLING,SENSITIVE_LEARNING,69.780,0.921,0.631,0.827,0.401,0.734
BOOKKEEPER,1,IBK,BEST_FIRST,UNDERSAMPLING,SENSITIVE_LEARNING,73.626,0.977,0.646,0.809,0.485,0.65
BOOKKEEPER,2,NAIVE_BAYES,BEST_FIRST,UNDERSAMPLING,SENSITIVE_LEARNING,74.242,0.955,0.753,0.784,0.191,0.611
BOOKKEEPER,2,IBK,BEST_FIRST,UNDERSAMPLING,SENSITIVE_LEARNING,58.523,0.989,0.552,0.740,0.157,0.505
BOOKKEEPER,3,RANDOM_FOREST,BEST_FIRST,UNDERSAMPLING,SENSITIVE_LEARNING,13.971,1.000,0.003,0.839,0.001,0.693
BOOKKEEPER,3,NAIVE_BAYES,BEST_FIRST,UNDERSAMPLING,SENSITIVE_LEARNING,82.647,0.917,0.879,0.750,0.337,0.724
BOOKKEEPER,3,IBK,BEST_FIRST,UNDERSAMPLING,SENSITIVE_LEARNING,72.500,0.955,0.716,0.762,0.301,0.646
BOOKKEEPER,4,RANDOM_FOREST,BEST_FIRST,UNDERSAMPLING,SENSITIVE_LEARNING,22.348,0.931,0.047,0.872,0.012,0.736
BOOKKEEPER,4,NAIVE_BAYES,BEST_FIRST,UNDERSAMPLING,SENSITIVE_LEARNING,74.540,0.969,0.709,0.870,0.423,0.750
BOOKKEEPER,4,IBK,BEST_FIRST,UNDERSAMPLING,SENSITIVE_LEARNING,82.178,0.934,0.840,0.802,0.500,0.714
BOOKKEEPER,5,RANDOM_FOREST,BEST_FIRST,UNDERSAMPLING,SENSITIVE_LEARNING,22.282,1.000,0.024,0.939,0.010,0.753
BOOKKEEPER,5,NAIVE_BAYES,BEST_FIRST,UNDERSAMPLING,SENSITIVE_LEARNING,84.698,0.928,0.875,0.896,0.565,0.766
BOOKKEEPER,5,IBK,BEST_FIRST,UNDERSAMPLING,SENSITIVE_LEARNING,80.268,0.979,0.769,0.878,0.537,0.704
BOOKKEEPER,1,RANDOM_FOREST,BEST_FIRST,SMOTE,NO_COST_SENSITIVE,76.923,0.994,0.681,0.876,0.543,0.769
BOOKKEEPER,1,NAIVE_BAYES,BEST_FIRST,SMOTE,NO_COST_SENSITIVE,72.802,0.837,0.769,0.827,0.372,0.726
BOOKKEEPER,1,IBK,BEST_FIRST,SMOTE,NO_COST_SENSITIVE,77.473,0.973,0.704,0.828,0.543,0.684
BOOKKEEPER,2,RANDOM_FOREST,BEST_FIRST,SMOTE,NO_COST_SENSITIVE,72.159,0.997,0.697,0.849,0.278,0.601
BOOKKEEPER,2,NAIVE_BAYES,BEST_FIRST,SMOTE,NO_COST_SENSITIVE,79.356,0.952,0.815,0.798,0.227,0.615
BOOKKEEPER,2,IBK,BEST_FIRST,SMOTE,NO_COST_SENSITIVE,66.098,0.987,0.637,0.788,0.205,0.546
BOOKKEEPER,3,RANDOM_FOREST,BEST_FIRST,SMOTE,NO_COST_SENSITIVE,92.941,0.926,0.998,0.811,0.622,0.734
BOOKKEEPER,3,NAIVE_BAYES,BEST_FIRST,SMOTE,NO_COST_SENSITIVE,88.529,0.890,0.990,0.680,0.307,0.715
BOOKKEEPER,3,IBK,BEST_FIRST,SMOTE,NO_COST_SENSITIVE,88.971,0.924,0.951,0.745,0.494,0.734
BOOKKEEPER,4,RANDOM_FOREST,BEST_FIRST,SMOTE,NO_COST_SENSITIVE,91.231,0.917,0.981,0.849,0.675,0.763
BOOKKEEPER,4,NAIVE_BAYES,BEST_FIRST,SMOTE,NO_COST_SENSITIVE,85.856,0.887,0.946,0.857,0.480,0.757
BOOKKEEPER,4,IBK,BEST_FIRST,SMOTE,NO_COST_SENSITIVE,90.099,0.917,0.965,0.795,0.645,0.757
BOOKKEEPER,5,RANDOM_FOREST,BEST_FIRST,SMOTE,NO_COST_SENSITIVE,92.886,0.921,0.997,0.973,0.751,0.787
BOOKKEEPER,5,NAIVE_BAYES,BEST_FIRST,SMOTE,NO_COST_SENSITIVE,85.772,0.907,0.916,0.912,0.555,0.775
BOOKKEEPER,5,IBK,BEST_FIRST,SMOTE,NO_COST_SENSITIVE,93.557,0.930,0.993,0.960,0.780,0.785
BOOKKEEPER,1,NAIVE_BAYES,BEST_FIRST,SMOTE,SENSITIVE_THRESHOLD,67.308,0.949,0.573,0.748,0.383,0.726
BOOKKEEPER,1,IBK,BEST_FIRST,SMOTE,SENSITIVE_THRESHOLD,77.473,0.973,0.704,0.828,0.543,0.684
BOOKKEEPER,2,RANDOM_FOREST,BEST_FIRST,SMOTE,SENSITIVE_THRESHOLD,34.470,1.000,0.282,0.641,0.064,0.601
BOOKKEEPER,2,NAIVE_BAYES,BEST_FIRST,SMOTE,SENSITIVE_THRESHOLD,72.917,0.959,0.734,0.704,0.193,0.615
BOOKKEEPER,2,IBK,BEST_FIRST,SMOTE,SENSITIVE_THRESHOLD,66.098,0.987,0.637,0.775,0.205,0.546
BOOKKEEPER,3,RANDOM_FOREST,BEST_FIRST,SMOTE,SENSITIVE_THRESHOLD,44.706,0.961,0.375,0.639,0.106,0.734
BOOKKEEPER,3,NAIVE_BAYES,BEST_FIRST,SMOTE,SENSITIVE_THRESHOLD,51.912,0.889,0.506,0.554,0.050,0.715
BOOKKEEPER,3,IBK,BEST_FIRST,SMOTE,SENSITIVE_THRESHOLD,87.500,0.923,0.934,0.719,0.453,0.734
BOOKKEEPER,4,RANDOM_FOREST,BEST_FIRST,SMOTE,SENSITIVE_THRESHOLD,80.622,0.936,0.817,0.788,0.476,0.763
BOOKKEEPER,4,NAIVE_BAYES,BEST_FIRST,SMOTE,SENSITIVE_THRESHOLD,84.866,0.941,0.868,0.817,0.562,0.757
BOOKKEEPER,4,IBK,BEST_FIRST,SMOTE,SENSITIVE_THRESHOLD,89.958,0.917,0.963,0.794,0.641,0.757
BOOKKEEPER,5,RANDOM_FOREST,BEST_FIRST,SMOTE,SENSITIVE_THRESHOLD,89.933,0.981,0.890,0.912,0.727,0.787
BOOKKEEPER,5,NAIVE_BAYES,BEST_FIRST,SMOTE,SENSITIVE_THRESHOLD,83.490,0.947,0.840,0.828,0.563,0.775
BOOKKEEPER,5,IBK,BEST_FIRST,SMOTE,SENSITIVE_THRESHOLD,95.973,0.967,0.983,0.926,0.873,0.785
BOOKKEEPER,1,NAIVE_BAYES,BEST_FIRST,SMOTE,SENSITIVE_LEARNING,66.484,0.948,0.562,0.825,0.371,0.723
BOOKKEEPER,1,IBK,BEST_FIRST,SMOTE,SENSITIVE_LEARNING,77.473,0.973,0.704,0.828,0.543,0.684
BOOKKEEPER,2,RANDOM_FOREST,BEST_FIRST,SMOTE,SENSITIVE_LEARNING,8.902,1.000,0.002,0.841,0.000,0.580
BOOKKEEPER,2,NAIVE_BAYES,BEST_FIRST,SMOTE,SENSITIVE_LEARNING,73.106,0.955,0.741,0.781,0.180,0.613
BOOKKEEPER,2,IBK,BEST_FIRST,SMOTE,SENSITIVE_LEARNING,66.098,0.987,0.637,0.788,0.205,0.546
BOOKKEEPER,3,RANDOM_FOREST,BEST_FIRST,SMOTE,SENSITIVE_LEARNING,41.176,0.995,0.320,0.795,0.111,0.706
BOOKKEEPER,3,NAIVE_BAYES,BEST_FIRST,SMOTE,SENSITIVE_LEARNING,67.941,0.900,0.707,0.714,0.135,0.684
BOOKKEEPER,3,IBK,BEST_FIRST,SMOTE,SENSITIVE_LEARNING,87.500,0.923,0.934,0.745,0.453,0.713
BOOKKEEPER,4,RANDOM_FOREST,BEST_FIRST,SMOTE,SENSITIVE_LEARNING,73.975,0.951,0.716,0.869,0.396,0.750
BOOKKEEPER,4,NAIVE_BAYES,BEST_FIRST,SMOTE,SENSITIVE_LEARNING,86.421,0.935,0.895,0.864,0.584,0.760
BOOKKEEPER,4,IBK,BEST_FIRST,SMOTE,SENSITIVE_LEARNING,89.958,0.917,0.963,0.795,0.641,0.757
BOOKKEEPER,5,RANDOM_FOREST,BEST_FIRST,SMOTE,SENSITIVE_LEARNING,86.309,0.977,0.848,0.965,0.646,0.789
BOOKKEEPER,5,NAIVE_BAYES,BEST_FIRST,SMOTE,SENSITIVE_LEARNING,84.564,0.944,0.857,0.911,0.581,0.765
BOOKKEEPER,5,IBK,BEST_FIRST,SMOTE,SENSITIVE_LEARNING,95.973,0.967,0.983,0.960,0.873,0.789
